Country of Birth,Total,%,1949,1950,1951,1952,1953,1954,1955,1956,1957,1958,1959,1960,1961,1962,1963,1964,1965,1966,1967,1968,1969,1970,1971,1972,1973,1974,1975,1976,1977,1978,1979,1980,1981,1982,1983,1984,1985,1986,1987,1988,1989,1990,1991,1992,1993,1994,1995,1996,1997,1998,1999,2000,2001,2002,2003,2004,2005,2006,2007,2008,2009,2010,2011,2012,2013,2014,2015,2016,2017,2018,2019,2020
Aden,25,0.00%,,,,,,,,,,,,,,,,,,,,,,,,,,1,1,1,,,,1,,1,,,2,,,,1,2,,1,1,,,1,,1,2,,3,,,,,,,2,,,1,1,1,,,,,,1,
Afghanistan,3683,0.40%,,,,,,,,,,,,,,,,,,,,,,,,,,,,,,,,2,,,1,2,2,3,8,,2,13,1,,19,36,34,20,14,39,32,22,36,125,120,161,271,371,256,472,115,78,48,136,79,117,103,64,137,305,255,184
Albania,145,0.02%,,,,,,,,1,1,3,5,1,2,,1,1,3,,2,,1,1,,,2,,2,2,,,,,,,,,,,,2,2,1,,4,1,3,,,4,7,1,,5,15,5,1,4,8,3,7,3,3,6,10,1,4,8,2,1,3,2,1
Algeria,247,0.03%,,,,,,,,,,,1,,,,,,,,,,,,,,,,,,1,3,2,,,,1,1,,,2,,2,2,3,3,4,5,3,4,5,5,13,16,28,11,14,8,10,9,15,12,3,2,1,6,5,7,12,5,7,6,4,6
American Samoa,877,0.09%,,,,,,,,1,1,,,1,,1,,1,,,2,1,4,,1,1,1,2,4,,,2,1,5,4,5,4,4,4,7,6,6,5,8,12,6,7,10,3,20,11,8,19,17,15,21,7,23,20,22,21,27,42,41,36,58,48,44,51,48,40,58,45,15
Angola,27,0.00%,,,,,,,,1,,1,,,,,,,,,,,,,,,,,,,,1,,,,,,,,,,,,,,,,,,,1,1,,1,,3,2,1,,1,2,1,2,,1,1,2,,1,,1,,2,1
Anguilla,1,0.00%,,,,,,,,,,,,,,,,,,,,,,,,,,,,1,,,,,,,,,,,,,,,,,,,,,,,,,,,,,,,,,,,,,,,,,,,,
Antigua and Barbuda,5,0.00%,,,,,,,,,,,,,,,,,,,,,,,,,,,,,,1,,,,1,,,1,,,,,,,,,,,,,,,,,,,,,,,,,,1,,,,1,,,,,
Argentina,1245,0.13%,8,,,,,,,,,,,1,1,1,,,,,,2,,2,1,1,3,,2,,6,7,7,7,6,7,10,9,5,8,5,8,10,10,10,7,9,12,9,10,9,13,17,12,14,14,8,9,22,68,51,36,24,15,52,80,66,58,69,71,102,108,60,83
Argentine,6,0.00%,,,,,,1,,,,,,,,,,,,,,,,,,,,,1,1,1,,,,1,,1,,,,,,,,,,,,,,,,,,,,,,,,,,,,,,,,,,,,,
Armenia,60,0.01%,1,,,,,,,,,,,1,,,,,,,,,,,,,,,,,,,,,,,,,,,,,,,,,,,,,,2,13,2,3,,3,,1,5,6,1,,,1,1,3,4,,2,2,2,3,4
Aruba,5,0.00%,,,,,,,,,,,,,,,,,,,,1,,,,,,,,,,,,,,1,,,,,,,,1,,,,,,,,,,,,,,,,,,,1,,,,,1,,,,,,
Ascension and Tristan da Cunha Saint Helena,1,0.00%,,,,,,,,,,,,,,,,,,,,,,,,,,,,,,,,,,,,,,,,,,,,,,,,,,,,,,,,,,,,,,,,,,,,,,,,1
Australia,11533,1.24%,2611,1,11,22,6,8,6,8,15,17,7,6,10,9,10,15,17,8,14,19,29,16,19,41,44,45,75,96,186,194,145,114,205,242,154,151,119,115,123,104,102,131,129,85,125,88,83,97,100,69,92,81,70,93,113,120,105,147,149,142,121,127,111,178,213,285,317,505,679,767,599,473
Austria,923,0.10%,13,5,6,7,8,20,20,20,19,17,15,15,18,16,13,6,22,23,8,22,18,6,9,18,16,15,18,16,17,27,27,15,11,12,3,10,7,15,9,16,13,11,9,4,4,10,17,6,6,16,19,25,15,8,5,7,8,12,16,9,4,8,14,8,14,10,13,11,17,8,12,6
Austria-Hungary,2,0.00%,,,,,,,,,,,,1,,,1,,,,,,,,,,,,,,,,,,,,,,,,,,,,,,,,,,,,,,,,,,,,,,,,,,,,,,,,,
Azerbaijan,72,0.01%,,,,,,,,,,,,,,,,,,,,,,,,,,,,,,,,,,,,,,,,,,,,,,,,,,,3,2,2,2,5,2,10,4,2,1,2,2,2,5,7,1,5,4,2,3,4,2
Azores,11,0.00%,,,,,,,,,,,,2,5,,,,,,,,,,1,,,,2,,,1,,,,,,,,,,,,,,,,,,,,,,,,,,,,,,,,,,,,,,,,,,
Bahamas,44,0.00%,,,,,,,,,,,,,,,,,,,,,,,,,,,,,5,,2,,,4,,1,,6,2,2,,1,2,,,1,,,,,3,,,,,1,,2,1,4,1,1,1,,,,,,4,,,
Bahrain,276,0.03%,,,,,,,,,,,,,,,,,,,,,,,,1,1,2,,1,5,1,6,3,,1,4,1,2,1,2,3,2,1,2,5,11,8,6,1,4,2,5,7,12,6,12,7,8,4,15,3,2,3,6,9,8,8,11,7,17,27,15,8
Bangladesh,2718,0.29%,,,,,,,,,,,,,,,,,,,,,,,,,,,,3,,4,6,,5,1,1,1,3,2,5,9,4,6,6,11,17,23,16,39,35,145,480,223,75,100,138,168,107,122,110,102,44,24,42,38,62,78,63,82,83,83,74,78
Barbados,315,0.03%,,,,,,,,,,,1,,,,,,,,9,1,1,8,6,3,14,8,6,7,27,31,12,12,15,21,19,14,19,10,8,7,3,1,2,4,1,2,,2,1,1,1,,,,1,1,4,1,1,,2,1,2,3,,5,2,1,6,2,4,2
Basutoland,3,0.00%,,,,,,,,,,,,,,,,,,,,1,,,,,,,1,,,,,,,,,,,,,,,1,,,,,,,,,,,,,,,,,,,,,,,,,,,,,,
Bechuanaland,4,0.00%,,,,,,,,,,,,,,,,,,,,,,,,,,,,,,1,,,,,,,,,,,,,1,,,,1,,1,,,,,,,,,,,,,,,,,,,,,,,
Bechuanaland Protectorate,1,0.00%,,,,,,,,,,,,,,,,,,,,,,,,,,,,,,,,,,,,,,,,,,,,,1,,,,,,,,,,,,,,,,,,,,,,,,,,,
Belarus,250,0.03%,,,,1,,,,,,,,1,,,,,,,,,1,,,,,,,,,,2,,,,,,,,,,,,,,,,,,,4,24,16,3,23,11,9,10,9,14,5,4,6,4,3,17,11,8,16,5,15,18,10
Belgian Congo,17,0.00%,1,,,,,,,,,,,,,,,,,,,,,,,,,,,,,,,,1,1,,,,,,,,1,1,,2,,,1,1,,3,,1,,,1,,1,,,,,,,,,,,1,1,,
Belgium,659,0.07%,2,2,,3,1,3,1,1,4,2,1,2,3,3,3,1,1,6,,4,3,4,4,2,8,6,3,2,6,17,7,1,6,11,11,4,3,11,5,6,5,10,6,3,11,5,4,4,10,10,7,9,4,5,6,7,5,4,11,27,16,6,32,28,32,41,25,30,43,50,32,8
Belize,14,0.00%,,,,,,,,,,,,,,,,,,,,,,,,,,,,,,,,,,,,,,,,,1,,,,,,,1,1,3,,,,,1,1,,,2,1,,,,2,,,,,,1,,
Benin,4,0.00%,,,,,,,,,,,,,,,,,,,,,,,,,,,,,,,,,,,,,,,,,,,,1,,,,,,1,,1,,,,,,,,,,,,,,,,,,,1,
Bermuda,205,0.02%,1,,,,,,,,,,,,,,,,,,,,,,,4,,1,3,11,22,14,20,6,17,11,3,2,8,1,2,3,3,7,3,2,1,1,3,,4,,,2,2,,,1,4,2,1,2,3,3,,1,2,2,4,5,2,11,4,1
Bhutan,641,0.07%,,,,,,,,,,,,,,,,,,,,,,,,,,,,,1,,,,,,,,,,,,,,,,1,,,,,,,1,,,,1,,,1,4,,,,,92,110,110,75,73,98,43,31
Bolivia,161,0.02%,4,,,,,2,,,,,,,,1,,,,1,,,1,,,3,,1,,,,,5,5,1,,,2,1,,,,1,3,3,1,1,1,3,1,1,1,2,1,5,1,13,4,3,8,6,7,3,7,,7,5,5,4,10,2,11,8,6
Born aboard aircraft,3,0.00%,3,,,,,,,,,,,,,,,,,,,,,,,,,,,,,,,,,,,,,,,,,,,,,,,,,,,,,,,,,,,,,,,,,,,,,,,
Born at sea,38,0.00%,18,,,1,,,,,1,,,,,,,,,,,,,,,2,1,,,,,2,,1,1,1,3,,,2,,,2,2,,,,,,,,,,1,,,,,,,,,,,,,,,,,,,,
Bosnia and Herzegovina,20,0.00%,,,,,,,,,,,,,,,,,,,,,,,,,,,,,,,,,,,,,,,,,,,,,,,,,,,,,,,,,,,,,,,,,,3,3,2,5,1,2,4
Bosnia-Herzegovina,475,0.05%,,,,,,,,,1,,1,,1,,,,,,,1,,,,1,,,,,,,,,,,,,,,,,,,,,,,,2,3,80,166,49,32,27,20,14,14,10,10,7,9,3,5,8,10,,,1,,,,
Botswana,189,0.02%,,,,,,,,,,,,,,,,1,,,,,,,,,,,,,,1,2,1,,,,,,,,,,,4,,,1,,,,1,7,10,8,5,6,7,2,11,19,7,6,9,6,10,7,11,10,8,13,7,6,3
Brazil,2648,0.28%,1,,,,,1,,,,,,,,,,,,,,,,,,,3,1,5,2,4,2,2,1,3,6,,2,6,,1,5,3,2,3,4,3,7,7,12,17,27,25,24,38,28,24,25,46,68,54,57,31,28,53,93,135,152,205,242,377,289,334,190
British Cameroons,5,0.00%,,,,,,,,,,,,,,,,,,,,,,,,,,,1,,,,,,,,,,1,,,,2,,,,,,1,,,,,,,,,,,,,,,,,,,,,,,,,
British Guiana,42,0.00%,1,,,,,,,,,,,,,,,,,1,1,1,1,,4,,,,1,,,,,,2,1,1,2,5,,1,3,,,2,3,1,2,,,,1,4,2,2,,,,,,,,,,,,,,,,,,,
British Honduras,2,0.00%,,,,,,,,,,,,,,,,,,,,,,,,,,,,2,,,,,,,,,,,,,,,,,,,,,,,,,,,,,,,,,,,,,,,,,,,,
British Somaliland,1,0.00%,,,,,,,,,,,,,,,,,,,,,,,,,,,,,,,,,,,,,,,,,,,,,,,,,,,,,,,,,,,,,,1,,,,,,,,,,
British Virgin Islands,8,0.00%,,,,,,,,,,,,,,,,,,,,,,,,,,,,,,2,,,,,,,,,,,,,,,,,,,,,,,,,3,,,1,,1,,,,,,,,,,1,,
Brunei,311,0.03%,,,,,,,,,,,,,,,,,,,,,,2,1,,,,5,,1,8,1,5,3,3,9,,3,,1,1,5,3,3,3,10,13,14,12,14,4,7,24,13,8,4,6,5,6,7,8,6,3,8,6,3,10,17,8,9,9,7,13
Bulgaria,1237,0.13%,,,,,,,,1,10,9,14,21,9,5,8,6,4,2,5,7,4,3,1,8,4,3,5,5,2,7,13,2,6,2,2,2,1,6,3,,2,2,3,2,13,31,23,39,37,35,94,43,57,50,41,38,66,63,52,35,21,9,24,54,32,40,30,36,21,29,21,14
Burkina Faso,1,0.00%,,,,,,,,,,,,,,,,,,,,,,,,,,,,,,,,,,,,,,,,,,,,,,,,,,,,,,,,,,,,1,,,,,,,,,,,,
Burma,830,0.09%,14,2,9,10,9,11,18,7,6,7,2,4,11,12,4,,6,3,9,7,6,6,9,11,13,8,7,6,13,21,8,14,11,8,9,7,8,6,8,3,16,12,6,10,21,22,22,24,16,19,55,50,32,15,14,35,38,13,9,7,2,2,11,14,7,14,4,,7,,,
Burundi,153,0.02%,,,,,,,,,,,,,,,,,,,,,,,,,,,,,,,,,,,,,,,,,,,,,,,,,,,3,3,,13,4,2,4,1,4,5,13,21,21,6,6,13,13,7,6,2,6,
Cambodia,10427,1.12%,,,,,,,,,,,,,,,,,,,,1,,,1,,,,,1,2,23,11,5,17,49,184,246,379,326,401,287,439,350,298,282,555,459,258,162,109,98,246,206,201,271,322,480,431,389,301,258,184,77,83,107,226,255,245,332,286,258,189,137
Cameroon,23,0.00%,,,,,,,,,,,,,,,,,,,,,,,,,,,,,,2,,,,,,,,,1,,,,,,,,,,1,,,1,1,2,1,1,1,,,,,,,,1,1,2,3,2,2,,1
Canada,8047,0.86%,368,,3,,,1,2,,2,,2,1,,4,1,4,3,10,3,10,6,4,11,13,23,41,53,47,127,231,185,156,244,229,176,165,210,228,204,254,255,253,182,132,206,148,147,185,136,141,174,185,185,126,132,147,143,97,119,104,115,90,126,166,142,165,143,161,211,200,173,137
Cape Verde,2,0.00%,,,,,,,,,,,,,,,,,,,,1,,,,,,,,,,,,,,,,,1,,,,,,,,,,,,,,,,,,,,,,,,,,,,,,,,,,,
Cayman Islands,19,0.00%,,,,,,,,,,,,,,,,,,,,,,,,,,,,,,,,,,,,,,,,,,,,,,,,,1,,,,1,,,,,,,1,,,1,1,2,,1,4,2,4,,1
Central Africa,2,0.00%,,,,,,,,,,,,,,,,,,,,,,,,,,,,,,,,,,,,,,,,,,,,,,,,,,,,,,,,1,,1,,,,,,,,,,,,,,
Ceylon,3245,0.35%,15,,,,,,,,,3,1,4,4,3,3,1,,1,5,,1,2,,3,,1,3,,4,,1,,2,31,15,46,37,21,35,42,112,108,114,95,218,227,125,145,143,229,514,482,408,31,3,1,2,,,1,,,,,,2,,,,,1,
Chad,4,0.00%,,,,,,,,,,,,,,,,,,,,,,,,,,,,,,,,,,,,,,,,,,,,,,,,,,,,,,,,,,,,,,,,,,,1,1,2,,,
Channel Islands,789,0.08%,30,,1,,,,,,,1,1,1,,,,,,,,,3,1,2,3,4,6,4,6,36,39,16,14,19,37,15,31,24,23,13,36,18,15,18,15,17,11,15,14,12,11,10,14,15,5,3,11,17,27,32,21,12,16,19,13,7,6,14,3,10,14,6,2
Chile,1571,0.17%,3,,1,,,,,,,,,,1,,,,,,3,,1,,,,2,,4,1,3,36,43,50,66,30,29,10,18,16,31,22,32,15,9,4,10,9,8,7,6,5,19,15,31,13,25,11,23,17,19,28,15,16,27,54,57,92,77,95,129,136,119,78
China,59554,6.40%,51,1,3,4,10,12,22,30,67,144,165,257,124,195,269,160,205,117,170,107,146,81,81,170,152,87,73,65,117,180,148,111,105,195,222,226,191,239,275,207,379,380,359,589,1850,2159,1533,1310,1346,2231,4693,3762,2585,1902,2050,2859,3339,3925,3087,1919,1132,676,846,1160,1178,1229,926,1117,1210,1066,1006,567
Colombia,1030,0.11%,,,,,,,,,,,,,,,,,,,,,1,,,,,,,2,1,2,1,5,2,3,1,4,,6,5,9,11,4,3,2,8,10,7,5,4,5,12,11,6,16,20,25,25,17,39,16,21,5,19,24,41,45,73,80,119,135,103,77
Congo,193,0.02%,,,,,,,,,,,,,,,,,,,,,,,,,,,,,,,,,,,,,,1,,,1,,,,,,,1,,,,3,,1,11,1,1,4,1,3,3,5,51,14,17,25,12,10,5,8,12,3
Cook Islands,7,0.00%,1,,,,,,,,,,,,,,,,,,,1,,,,,,,,,,1,,,,,,,,,1,,,,,,,,,,,,,,,,,,,,,,,,,,,2,,,,,1,
Costa Rica,54,0.01%,3,,,,,,,,,,,,,,,,,,,,,,,,,1,,,,2,,,,,,,,,1,1,,,,2,,1,1,5,,,1,1,2,3,4,2,,1,2,,1,,3,1,1,1,2,,5,4,1,2
Cote d'Ivoire,1,0.00%,,,,,,,,,,,,,,,,,,,,,,,,,,,,,,,,,,,,,,,,,,,,,,,,,,,,,,,,,,,,1,,,,,,,,,,,,
Croatia,1238,0.13%,13,1,4,9,11,8,3,7,10,9,12,15,6,1,1,,2,6,4,16,2,3,,1,1,,1,,,,,,,,,,,,,,,1,,,1,1,4,18,10,224,285,135,83,40,40,38,27,30,14,19,15,11,5,13,8,12,10,4,13,8,8,15
Cuba,53,0.01%,1,,,,,,,,,,,,,,,1,,,,,,1,,,,,,,1,2,,,,,,,,,,1,,,,,1,1,,,,1,,,2,1,1,4,,2,,2,,,7,4,,3,3,4,4,5,,1
Curacao,2,0.00%,,,,,,,,,,,,,,,,,,,,,,,,,,,,,,,,,,,,,,,,,,,,,,,,,,,,,,,,,,,,,,,,,,,,,2,,,
Cyprus,435,0.05%,14,,,,,3,2,1,2,1,3,1,1,,,,2,1,3,9,4,3,3,8,6,4,3,3,18,12,19,12,18,20,9,5,10,13,6,17,11,14,13,2,1,8,4,,3,6,3,11,3,4,6,4,3,6,6,10,7,3,7,7,5,8,3,9,10,9,4,9
Czech Republic,742,0.08%,3,3,4,1,4,6,10,8,10,2,4,3,4,5,1,1,3,1,2,7,,,,,,,,,,,,,,,,,,,,,,,,,,,,,,,,1,2,4,18,19,22,9,8,9,20,5,9,27,26,81,69,52,68,78,64,69
Czechoslovakia,857,0.09%,5,8,5,11,2,19,38,29,42,32,21,10,11,12,12,9,10,6,6,7,5,6,6,6,14,28,20,19,27,29,11,7,6,5,3,2,11,10,41,27,16,12,16,10,15,25,14,14,7,22,29,21,14,7,1,5,3,6,2,2,2,1,3,1,2,5,1,3,6,6,5,3
Dahomey,1,0.00%,,,,,,,,,,,,,,,,,,,,,,,,,,,,,,,,,,,,,,,,,,,,,,1,,,,,,,,,,,,,,,,,,,,,,,,,,
Dalmatia,4,0.00%,4,,,,,,,,,,,,,,,,,,,,,,,,,,,,,,,,,,,,,,,,,,,,,,,,,,,,,,,,,,,,,,,,,,,,,,,
Democratic Republic of Germany,11,0.00%,,,,,,,,,,,,,,,,,,,,,,,,,,,,,,,,,,1,,1,1,,,2,4,,1,,1,,,,,,,,,,,,,,,,,,,,,,,,,,,
Democratic Republic of the Congo,162,0.02%,,,,,,,,,,,,,,,,,,,,,,,,,,,,,,,,,,,,,,,,,,,,,,,,,,,,,,,20,12,3,,2,1,3,4,3,10,15,16,29,13,10,7,8,6
Denmark,1087,0.12%,13,6,14,3,6,15,16,23,12,30,41,58,40,17,23,27,16,25,32,15,20,25,7,19,16,6,10,17,10,23,20,10,15,8,4,9,8,6,7,8,17,9,4,5,5,5,4,12,5,14,8,6,4,7,3,2,6,7,5,5,4,6,5,7,5,6,23,49,49,51,49,20
Djibouti,51,0.01%,,,,,,,,,,,,,,,,,,,,,,,,,,,,,,,,,1,,,,,,,,,,,,,,,,,,,,,,,1,10,4,1,6,14,5,,1,1,2,1,,2,2,,
Dominica,6,0.00%,,,,,,,,,,,,,,,,,,,,,,2,,,,,,,,,,,,,,,,,,,,,,,,,,,,,,,,,,2,,1,1,,,,,,,,,,,,,
Dominican Republic,17,0.00%,,,,,,,,,,,,,,,,,,,,,,,,,,,,,1,,,,,,1,,,,1,1,1,1,,,2,,,,1,,1,1,1,,,,,,,,,,,1,,1,,1,,,,2
Dutch East Indies,10,0.00%,,,,,,1,,,,,,,,,,,,,,,,,,,,,,,,,,,,,,,,,,,1,1,,,,2,,,2,,,,,,,,,,1,,1,1,,,,,,,,,,
East Germany,33,0.00%,,,,,,,,,,,,,,1,,,,,,,3,2,3,1,3,,2,1,1,,,1,,,,,,,,,,,,,,,2,,1,3,3,3,2,,,,,1,,,,,,,,,,,,,,
East Timor,7,0.00%,,,,,,,,,,,,,,,,,,,,,,,,,,,,,,,1,,,,,,,,,,,,,,,,2,,,,,,,,,,,1,2,,,,,,,,,,1,,,
Ecuador,128,0.01%,,,,,,,,,,,,,,,,,1,,,,,,,6,1,,,2,,4,1,1,,,,1,1,,,5,3,2,,3,,,1,1,2,1,,2,2,3,2,,,2,2,2,,,,4,2,3,3,8,21,10,20,6
Egypt,2440,0.26%,11,,3,2,2,3,5,3,,2,2,5,4,4,9,,5,2,4,6,11,6,5,2,13,9,7,7,20,19,10,9,11,16,7,10,6,15,11,12,13,13,12,13,10,7,7,16,29,91,365,242,167,75,106,62,86,87,104,45,31,16,39,50,41,46,46,55,38,81,98,71
El Salvador,76,0.01%,,,,,,,,,,,,,,,,,,,,,,,,,1,,,,,1,,,1,,2,2,,,,1,,1,1,,1,,1,1,1,2,9,9,1,2,,12,,,,,1,,,1,2,1,,1,4,13,3,1
Ellice Islands,9,0.00%,1,,,,,,,,,,,,,1,,,,1,,,,,,,,,,1,,,1,,1,,1,,,,,,,,,1,,,,1,,,,,,,,,,,,,,,,,,,,,,,,
England,180695,19.42%,9429,21,81,116,96,131,186,181,327,236,221,250,314,135,145,161,147,154,231,222,305,360,213,379,946,1844,2837,3003,8416,6449,3532,3390,4997,7086,3803,3869,4142,4648,5022,7188,5408,4535,3624,2792,3272,2441,2338,2478,2245,2515,3495,3069,2540,1833,1916,1989,2061,2473,3067,3025,2558,2233,3758,3805,3294,2933,2637,3172,3974,3787,3433,2782
Eritrea,303,0.03%,,,,,,,,,,,,,,,,,,,,1,,,,,,,,,,,,,,,,,,,,,,,,,,,1,,,,1,2,5,15,19,12,8,4,23,23,6,1,2,8,44,26,11,11,6,36,22,16
Estonia,223,0.02%,3,3,,,2,11,20,14,22,13,13,23,3,4,2,3,7,5,6,1,3,4,,3,2,,1,,1,2,2,,1,2,,1,1,,1,1,,,,,,,,,,,1,1,2,1,,4,,,3,1,2,,2,3,3,,1,5,3,6,2,3
Ethiopia,2060,0.22%,2,,,,,,,,,,,,,,,,,,,,,,,,,,,,,3,1,4,3,1,1,1,1,,2,1,,1,6,,3,3,,4,14,37,101,79,111,156,104,98,92,72,104,108,89,47,54,60,112,65,69,94,123,87,97,50
Falkland Islands,180,0.02%,1,,,,,,,,,,,,,,,1,,,,,,,,,11,11,10,22,22,19,4,4,4,7,3,5,2,4,9,9,7,4,2,,,,,1,1,1,1,,2,,,,,1,,2,1,1,,1,,,1,1,2,1,2,
Faroe Islands,1,0.00%,,,,,,,,,,,,,,,,,,,,,,,,,,,,,,,,,,,,,,,,,,,,,,,,,,,,,,,,,,,,,,,,,,,,,,,,1
Federal Republic of Germany,405,0.04%,,,,,,,,,,,,,,,,,,,,,,,,,,,1,,,3,,,,13,10,16,18,38,44,45,55,60,38,34,29,,,,,,,,,,,,,,,,,,,,,,,,,,,1
Federated States of Micronesia,4,0.00%,,,,,,,,,,,,,,,,,,,,,,,,,1,,,,,,,,,,,,,,,,,,,,1,,,,,,,,,,,,,,,,,,,,,,,2,,,,
Federation of Rhodesia and Nyasaland,1,0.00%,,,,,,,,,,,,,,,,,,,,,,,,,,,,,,,,,,,,,,,,,,,,,,,,,,,,,,,,,,,1,,,,,,,,,,,,,
Fiji,52850,5.68%,221,,4,3,4,7,3,14,17,24,9,11,7,27,40,28,35,36,70,56,78,49,113,108,116,115,100,127,257,285,178,185,222,199,163,136,137,186,228,418,430,648,1015,1371,1786,1612,922,922,809,740,1103,1253,1278,1150,1055,1459,1554,1697,1731,1939,1536,1307,1212,2081,2093,2235,2365,2695,3242,2542,2013,1039
Finland,417,0.04%,1,1,3,1,2,2,2,2,1,4,5,2,,,4,2,2,1,2,2,6,3,10,4,2,2,2,4,9,13,5,4,4,5,3,4,5,3,1,1,4,3,3,1,3,4,2,3,1,6,1,2,4,1,15,8,8,10,8,13,10,8,10,16,18,18,15,24,25,16,14,14
Former Yugoslav Republic of Macedonia,11,0.00%,,,,,,,,,,,,,,,,,,,,,,,,,,,,,,,,,,,,,,,,,,,,,,,,,,,,,,,,,,,,,,,,,,,,,,,,11
France,2332,0.25%,8,1,3,1,1,4,4,5,3,8,2,6,5,,2,1,6,,2,5,3,6,1,5,3,2,3,11,24,35,15,20,29,31,21,16,22,33,33,16,43,21,23,22,26,28,33,29,31,33,48,45,39,46,39,49,52,78,54,34,39,22,71,107,95,114,81,117,125,146,132,114
French Equatorial Africa,2,0.00%,,,,,,,,,,,1,,,,,,,,,,,,,,,,,,,,,,,,,,,,,,,,,,,,,,,,,,,,,,,,1,,,,,,,,,,,,,
French Guiana,1,0.00%,,,,,,,,,,,,,,,,,,,,,,,,,,,,,,,,,,,,,,,,,,,,,,,,,,,,,,,,,,,,,1,,,,,,,,,,,
French Indo-China,238,0.03%,1,,,,,,,,,,,,,,,,1,,,,,,,,,,,,,,,,,,,,,,,1,,,1,,5,12,13,8,5,10,34,79,55,10,1,2,,,,,,,,,,,,,,,,
French Polynesia,187,0.02%,1,,,,,,,,1,,,,,,,,,,,,1,,,,,,,,,1,1,,2,,1,2,1,,4,8,1,3,4,7,8,5,8,9,5,7,3,8,,4,3,3,2,2,3,1,6,,1,9,9,9,10,5,4,8,9,8
French Territory of Afars and Issas,1,0.00%,,,,,,,,,,,,,,,,,,,,,,,,,,,,,,,,,,,,,,,,,,,,,,,,,,,,,1,,,,,,,,,,,,,,,,,,,
French West Africa,1,0.00%,,,,,,,,,,,,,,,,,,,,,,,,,,,,,,,,,,,,,,,,,,,,,,,,1,,,,,,,,,,,,,,,,,,,,,,,,
Gabon,14,0.00%,,,,,,,,,,,,,,,,,,,,,,,,,,,,,,,,,,,,,,,,,,,,,,,,,,,,,,,,,,,,,,,11,,,,,,3,,,
Gambia,1,0.00%,,,,,,,,,,,,,,,,,,,,,,,,,,,,,,,,,,,,,,,,,,,,,,,,,,,,,,,,,,,,,,,,,,,,,,,,1
Georgia,127,0.01%,,,,,,,,,,,,,,,,,,,,,,,,,,,,,,,,,,,,,,,,,,,,,,,,,,3,30,11,8,6,6,4,6,7,13,1,1,6,1,3,5,1,6,2,1,1,1,4
Germany,5295,0.57%,28,18,15,14,17,28,42,56,71,44,50,76,38,32,40,28,40,34,38,34,44,19,35,38,46,36,30,50,56,121,57,44,63,43,34,26,33,44,23,28,30,27,16,13,30,90,26,52,31,53,60,43,57,59,90,93,82,130,154,114,96,129,166,179,208,220,194,246,312,281,223,178
Ghana,538,0.06%,,,,,,,,,1,,,,,,,,,,1,,,,,1,1,,1,,5,3,4,2,4,5,1,4,1,6,4,3,1,5,6,3,12,16,17,29,17,26,42,26,26,22,11,14,17,11,8,12,11,12,17,16,17,11,14,22,13,18,10,9
Gibraltar,85,0.01%,1,,,,,,,,,,1,,,,,,,,,,,,,2,1,2,,3,3,,1,3,3,3,4,2,1,1,3,5,3,1,3,1,1,1,2,,1,,,5,2,1,1,5,,,2,1,1,1,1,1,3,,2,,4,2,1,
Gilbert and Ellice Islands,134,0.01%,5,,,,,,,,,,,,,,,,,1,,,,,1,,3,1,2,1,3,2,,2,1,2,5,4,2,3,7,7,3,4,3,2,1,9,2,2,10,9,16,5,10,5,1,,,,,,,,,,,,,,,,,
Gilbert Islands,19,0.00%,,,,,,1,,,,,,,,,,,,,,1,,,,,,,1,,2,2,5,4,1,,,,,,,,,,,,,,,,,,,,1,,,,,,,,,1,,,,,,,,,,
Gold Coast,22,0.00%,,,,,,,,,1,,,,,,,,,,1,,,,,,,,,,,,,,,,,,,,,1,,2,,,2,7,,,,,3,2,2,,,,,,,,,,,1,,,,,,,,
Great Britain,622,0.07%,,,,,,,,,,,,,,,,,,,,,,,,,,,,,,,,,,,,,,,,,,,,,,,,,,,,,,,,,,,,,,,3,113,77,66,75,71,59,129,29,
Greece,1758,0.19%,15,6,5,10,6,4,3,12,14,32,18,21,16,20,19,7,20,11,34,27,53,22,31,91,55,47,30,64,85,160,83,83,94,40,22,40,18,36,23,25,22,24,18,12,10,8,19,16,9,5,11,7,10,6,7,1,3,8,6,9,4,6,2,7,3,5,7,18,16,28,27,22
Grenada,10,0.00%,,,,,,,,,,,,,,,,,,,,,,,1,,,,,,1,,1,1,,2,,,,,,1,1,1,1,,,,,,,,,,,,,,,,,,,,,,,,,,,,,
Guadeloupe,2,0.00%,,,,,,,,,,,,,,,,,,,,,,,,,,,,,,,,,,,,,,,,,,,,,,,,,,,,,,,,,,,,,1,,,,,,,1,,,,
Guam,16,0.00%,,,,,,,,,,,,,,,,,,,,,,,,,,,,,1,1,1,1,,,,,,,1,1,,,,1,1,,,,,,1,,,2,,,,1,1,,,,,1,,,,,1,1,,
Guatemala,53,0.01%,,,,,,,,,,,,,,,,,,,,,,,,,2,,,,,1,,1,,,,1,2,1,1,,,,,,,,,1,1,,1,,5,3,,,,,3,,2,,1,4,1,5,,3,2,3,7,2
Guernsey,55,0.01%,,,,,,,,,,,,,,,,,,,,,,,,,,,,,,,,,,,,,,,,,,,,,,,,,,,,,,,,,,,,,,,2,1,5,8,5,4,6,7,5,12
Guinea,4,0.00%,,,,,,,,,,,,,,,,,,,,,,,,,,,,,,,,,,,,,,,,,,,,,,,,,,,,,,,,,,1,,,,,,,,1,1,,,,,1
Guyana,100,0.01%,,,,,,,,,,,,,,,,,,1,,5,2,1,3,1,,1,,1,6,9,12,3,3,2,,1,1,,,,2,4,2,,1,,,3,,,3,1,1,,,1,,4,,7,,1,3,1,3,2,3,1,1,2,2,
Haiti,10,0.00%,,,,,,,,,,,,,,,1,,,,,,,,,,,,,,,,,1,,,,,,,,,,1,1,,,,1,1,,,,,,1,,,1,,1,,,,,,,,,,,,1,
Honduras,33,0.00%,,,,,,,,,,,,,,,,,,,,,,,,,,,,,,1,,,,2,,,,,1,,,2,2,1,2,,,,,,,1,,,,,1,1,5,3,,,1,1,3,,1,1,,1,2,1
Hong Kong,16993,1.83%,22,,,,1,,1,4,1,8,3,6,1,7,10,25,22,27,18,22,12,23,28,44,29,36,38,37,107,113,104,88,61,81,64,70,95,101,134,169,178,171,282,581,1249,1379,1395,1118,1253,1418,1602,1273,745,546,256,261,223,166,173,133,86,65,78,70,80,92,75,100,103,106,99,25
Hong Kong (SAR),57,0.01%,,,,,,,,,,,,,,,,,,,,,,,,,,,,,,,,,,,,,,,,,,,,,,,,,,,,,,,,,,,,,,,,,,,,,,,,57
Hungary,2460,0.26%,3,9,2,2,6,17,23,27,54,38,8,17,18,163,147,71,103,71,83,54,89,22,24,42,42,20,21,21,27,67,20,23,14,25,11,4,6,13,18,18,12,12,13,6,16,17,15,33,12,25,29,21,15,18,16,24,26,32,35,19,26,17,34,35,33,53,67,80,95,69,74,38
Iceland,63,0.01%,,,,,1,,,,,,,,,,,,,,,,,,,,,,,1,,1,1,,,1,,,,,1,4,,2,,,3,1,1,,2,,,1,,,,,,2,1,1,2,5,2,4,7,5,2,4,3,2,2,1
India,70213,7.54%,320,21,28,17,25,50,24,79,45,63,57,92,83,80,105,63,115,77,123,132,149,107,91,151,152,124,132,133,171,309,226,239,189,208,178,162,103,109,177,155,195,226,221,376,533,638,470,497,520,897,1784,1854,1380,1358,1262,2138,2931,4362,5218,3431,2246,1570,1649,2274,2211,2214,2395,3339,4665,4845,4680,2970
Indonesia,4116,0.44%,4,2,14,10,15,9,10,49,72,72,82,68,44,25,36,42,40,21,37,53,19,20,17,28,23,19,45,25,35,86,28,26,22,26,31,11,21,16,10,19,27,36,19,13,31,37,21,32,40,45,90,108,74,108,94,97,149,139,166,160,159,101,108,128,114,105,85,112,116,173,113,84
Inner Mongolia,6,0.00%,,,,,,,,,,,,,,,,,,,,,,,,,,,,,,,,,,,,,,,,,,,,,,,,,1,1,4,,,,,,,,,,,,,,,,,,,,,
Iran,5002,0.54%,,,1,,,,,,,,,,,,,,,,4,,,2,,,,1,1,4,1,3,4,2,7,8,2,16,11,17,13,24,67,69,92,92,158,200,140,161,111,99,190,181,205,244,232,205,172,233,239,158,104,61,110,108,101,115,135,143,134,284,298,40
Iraq,10076,1.08%,2,,,,,,,,,,,,,,,,,,,,,,,2,,1,3,1,4,5,2,4,,1,4,2,7,2,2,1,59,26,18,18,117,166,101,71,261,476,1712,1054,534,434,511,523,479,747,503,237,128,83,121,104,264,259,151,137,294,231,127,87
Ireland,2121,0.23%,71,,4,3,4,6,4,1,7,12,15,9,9,6,6,6,2,4,3,2,6,3,1,3,2,5,5,1,5,,,12,23,,,,,,,,,,,1,,,,,,,,,5,33,26,36,15,25,32,54,38,52,79,105,135,122,133,136,231,203,241,179
Islamic Republic of Iran,124,0.01%,,,,,,,,,,,,,,,,,,,,,,,,,,,,,,,,,,,,,,,,,,,,,,,,,,,,,,,,,,,,,,,,,,,,,,,,124
Island of Jersey,4,0.00%,,,,,,,,,,,,,,,,,,,,,,,,,,,,,,,,,,,,,,,,,,,,,,,,,,,,,,,,,,,,,,,1,1,1,1,,,,,,
Isle of Man,275,0.03%,10,,,,,,,,1,,,,,,,,1,,,,,1,,,2,1,8,4,14,10,6,8,11,6,13,8,4,4,5,11,8,7,5,12,2,5,4,8,4,4,7,1,,5,1,3,1,3,1,5,2,5,5,4,5,4,3,5,9,10,5,4
Israel,1042,0.11%,,,,1,,,,,1,,,1,2,1,2,,1,,1,,1,1,3,2,2,1,2,,7,12,6,6,13,12,9,5,12,8,18,14,8,20,11,13,23,15,6,17,22,20,5,37,20,31,24,24,32,83,49,36,23,6,31,40,42,45,32,48,40,27,40,28
Italian Somaliland,1,0.00%,,,,,,,,,,,,,,,,,,,,,,,,,,,,,,,,,,,,,,,,,,,,,,,1,,,,,,,,,,,,,,,,,,,,,,,,,
Italy,1835,0.20%,30,22,24,10,18,8,17,8,21,42,24,39,41,19,30,13,13,16,18,21,27,19,10,19,10,8,12,23,13,41,29,29,22,24,14,18,13,14,11,19,18,6,15,2,12,15,20,14,16,39,68,22,37,23,31,21,15,19,31,17,15,17,25,39,44,44,49,69,59,74,76,74
Ivory Coast,11,0.00%,,,,,,,,,,,,,,,,,,,,,,,,,,,,,,,,,,,,,,,,,1,,,1,,,,,,,,,1,1,1,,,,,1,,,1,,1,,,2,1,,,
Jamaica,233,0.03%,2,,1,,,1,,,,,,,,1,,1,4,,6,,6,,,1,,6,1,4,12,12,8,6,6,1,5,1,5,6,3,4,4,1,3,1,4,2,1,5,1,6,1,5,3,5,5,2,3,2,5,6,1,1,4,6,4,5,1,6,9,16,6,6
Japan,1211,0.13%,6,,1,,,,2,1,3,1,3,8,6,7,4,3,5,1,5,3,3,3,9,3,7,2,4,5,14,19,8,8,9,5,1,3,3,1,3,2,13,10,7,10,10,20,15,35,28,31,42,32,39,30,28,30,28,41,37,29,36,35,27,60,34,35,46,44,66,58,48,36
Jersey,49,0.01%,,,,,,,,,,,,,,,,,,,,,,,,,,,,,,,,,,,,,,,,,,,,,,,,,,,,,,,,,,,,,,,,2,4,15,9,,4,9,4,2
Jordan,759,0.08%,,1,,,,,,,,,,,,,,,,,,,,,,,,,,,,,2,1,,,,2,,5,1,,2,1,1,1,7,12,2,3,14,16,50,53,52,27,27,17,23,73,56,19,3,4,12,21,26,35,31,29,25,25,36,44
Kampuchea,4,0.00%,,,,,,,,,,,,,,,,,,,,,,,,,,,,,,1,,,3,,,,,,,,,,,,,,,,,,,,,,,,,,,,,,,,,,,,,,,
Kazakhstan,350,0.04%,,,,,,,,,,,,,,,,,,,,,,,,,,,,,,,,,,,,,,,,,,,,,,,,,,,24,18,20,21,12,20,25,28,9,16,10,6,3,12,9,14,11,7,23,24,24,14
Kenya,2063,0.22%,3,,,,,,,,,,,,1,1,1,6,2,5,10,13,13,14,10,11,10,13,25,44,88,57,33,38,47,66,29,36,24,28,24,35,31,28,22,21,34,25,20,20,27,19,49,40,46,52,44,40,39,66,105,73,54,38,48,47,59,49,40,52,68,45,38,37
Kiribati,524,0.06%,1,,,,,,2,,,,,,,,,1,,,,,,,,,,,,,,1,,2,1,1,1,1,,,1,,,2,,1,3,1,1,1,3,1,2,,1,6,5,4,8,2,4,7,17,7,9,18,27,28,42,64,40,68,75,65
Korea,21098,2.27%,2,,,,,,,,,,,,,,,2,,,2,,,,,1,,1,,,1,6,10,2,8,5,2,12,5,11,21,6,8,14,11,20,44,97,190,665,1239,1079,2211,1958,1046,679,598,1085,1531,1648,1456,887,585,457,444,518,357,334,314,401,478,300,242,105
Kosovo,27,0.00%,,,,,,,,,,,,,,,,,,,,,,,,,,,,,,,,,,,,,,,,,,,,,,,,,,,,,,,,,,,,1,4,3,1,1,5,2,3,2,2,3,,
Kuwait,995,0.11%,,,,,,,,,,,,,,1,,,,,,,,,,,,,,,2,1,,2,1,2,,1,,1,,,1,1,1,2,8,9,7,10,28,44,102,55,92,63,48,69,57,74,51,21,17,22,20,22,18,11,16,18,28,27,28,14
Kyrgyz Republic,17,0.00%,,,,,,,,,,,,,,,,,,,,,,,,,,,,,,,,,,,,,,,,,,,,,,,,,,,,,,,,,,,,,,,3,3,4,,1,1,4,1,,
Kyrgyzstan,59,0.01%,,,,,,,,,,,,,,,,,,,,,,,,,,,,,,,,,,,,,,,,,,,,,,,,,,,2,,,2,1,7,7,3,3,,1,,6,1,2,4,2,4,4,1,7,2
Laos,1372,0.15%,,,,,,,,,,,,,,,,,,,,,,,,,,,,,3,8,2,1,1,1,17,53,49,16,80,68,103,170,136,80,131,91,40,22,4,15,27,61,19,17,13,19,8,12,7,7,6,2,4,8,6,6,7,3,11,14,17,7
Latvia,595,0.06%,1,1,3,1,4,20,17,53,44,32,38,57,20,23,13,12,8,4,8,6,8,6,2,6,1,7,2,6,,6,2,5,1,3,2,,,3,,,,,,2,,1,1,,,,15,4,11,,9,6,1,7,4,2,3,1,3,10,7,7,13,13,13,10,12,15
Lebanon,803,0.09%,3,,3,6,4,1,2,3,1,7,3,2,2,,1,3,1,,3,4,11,,5,2,7,10,2,2,6,24,11,11,14,10,6,3,2,5,8,4,16,20,27,23,63,81,29,8,17,18,28,27,6,14,23,10,21,16,24,14,4,2,4,8,15,12,12,6,13,18,18,14
Lesotho,25,0.00%,,,,,,,,,,,,,,,,,,,,,,,,,,,,,,,1,,3,2,,,,,,,,,,,,1,,,,,,,,2,1,1,,,1,1,2,,,1,,1,1,,2,1,3,1
Liberia,61,0.01%,,,,,,,,,,,,,,,,,,,,,,,,,,,,,,1,,,,,,,,,,,1,1,1,,4,,1,2,,1,4,6,7,5,5,,5,2,,,3,,,,1,2,2,2,2,,3,
Libya,188,0.02%,,,,,,,,,,,,,,,,,,,,,,,1,,,,1,2,3,,1,1,3,5,1,2,1,2,1,2,,3,3,,4,,,1,1,4,24,19,9,14,5,6,10,2,5,5,2,7,3,2,4,3,6,3,4,3,4,6
Lithuania,251,0.03%,2,,,2,1,2,19,26,8,20,15,15,4,14,6,2,1,1,1,4,2,,3,3,,1,1,1,2,5,2,,2,,,1,1,,,,,1,,,1,,1,,,4,,2,1,2,2,3,7,,2,2,4,1,4,7,7,1,4,6,5,5,5,7
Luxembourg,29,0.00%,,1,,,,,,,,,,1,1,1,,1,,,,,,,,,,,,,1,,,,1,,,,1,,,1,1,,,1,1,,1,,,2,,,,,1,,,,2,1,2,,,1,1,,1,,1,2,1,1
Macao,379,0.04%,,,,,,,,,,,,,,,5,,5,,1,1,1,,4,2,2,1,1,1,2,1,,1,1,3,3,2,,6,4,3,2,2,8,14,35,31,27,32,25,34,36,21,22,14,5,7,6,2,2,,1,2,,,,,,,,1,,
Macau,39,0.00%,,,,,,,,1,,,,,,,,,,,,,,,,1,1,,,2,,,2,2,1,,,,,,,,,,,,,,,,,,,,,,,,5,2,5,1,6,2,1,1,,,1,3,,1,,1
Macedonia,1371,0.15%,,,,,,,,,,,,1,,,,,,1,,,,,,,,,,,,,,,,,,,,,,,,,,,,,,7,,70,234,328,89,58,19,73,62,44,48,33,18,15,31,27,32,24,42,33,36,23,23,
Madagascar,34,0.00%,,,,,,,,,,,,,,,,,,,,,,,,,,,1,,1,1,,,,,,1,,,1,,,,,,,1,1,1,1,,1,2,,1,4,2,1,3,1,,,,,2,1,,5,,2,,,
Malawi,214,0.02%,1,,,,,,,,,,,,,,,,,,,,,1,,,1,4,1,3,9,6,5,1,2,1,3,2,1,3,1,1,6,4,2,10,9,3,,5,,2,2,2,5,10,1,5,6,2,10,9,,4,8,6,12,10,2,6,10,4,10,3
Malaya,1811,0.19%,10,1,,,,,1,1,1,3,5,3,6,2,3,3,4,1,6,,2,,,,,,2,,,1,3,6,7,9,12,33,37,36,29,68,104,97,80,104,155,152,112,106,82,95,131,146,125,8,1,2,2,,2,1,3,3,1,2,,1,,,,,,1
Malaysia,10046,1.08%,12,,,,,,,,,,1,,1,,,2,,2,6,12,13,11,12,27,34,44,30,53,77,130,89,86,65,98,65,29,21,27,29,62,48,62,59,77,133,136,75,105,96,94,157,184,204,236,289,342,282,335,452,422,445,453,402,483,416,398,409,506,551,513,391,253
Maldives,64,0.01%,,,,,,,,,,,,,,,,,,,,,,,,,,,,,,1,1,,,1,,,,,1,,,1,,1,,,,,,,,2,,,1,3,1,5,3,3,8,,2,3,2,5,1,3,,3,8,5
Mali,6,0.00%,,,,,,,,,,,,,,,,,,,,,,,,,,,,,,,,,1,,,,,,,,,,,,,,,,2,,,,,1,1,,,,,,,,,,,,,,1,,,
Malta,510,0.05%,6,,,,1,2,,2,7,,1,1,4,2,7,7,6,9,3,7,5,3,2,4,9,8,19,11,17,11,13,11,12,23,13,9,11,8,7,11,9,9,6,3,10,11,6,11,6,2,11,5,5,6,4,12,2,9,3,3,5,1,10,17,10,5,5,12,12,10,5,13
Marshall Islands,9,0.00%,,,,,,,,,,,,,,,,,,,,,,,,,,,,,,,,,,,,,2,,,,,,,,,,2,,,,,,,,,,,,,1,1,,1,,,,,1,1,,,
Martinique,4,0.00%,,,,,,,,,,,,,,,,,,,,,,,,,,,,,,,,,,,,,,,,,,,,,,,,,1,,,,,,,,,,,,,,,,,,,,2,1,,
Mauritania,9,0.00%,,,,,,,,,,,,,,,,,,,,,,,,,,,,,,,,,,,,,,,,,,,,,,,,1,1,,,,,,,1,,,,,,,,,4,1,1,,,,,
Mauritius,595,0.06%,,,,,,,,1,,,,,,,1,,1,8,5,9,11,1,1,9,4,3,3,8,9,2,3,5,3,1,5,2,3,1,3,1,10,3,7,2,2,4,1,1,5,3,5,5,4,7,6,3,16,13,9,13,8,1,25,42,52,36,50,44,32,21,17,45
Mexico,529,0.06%,1,,,1,1,,,,,,,,,,,,,,,,,,,1,,,3,1,,1,1,1,5,2,4,4,3,1,1,,1,2,2,1,3,4,1,10,4,11,11,12,25,9,16,17,13,6,17,19,11,2,17,25,20,17,20,42,37,57,64,2
Micronesia,5,0.00%,,,,,,,,,,,,,,,,,,,,,,,,,,,,,,,,,,,,,,,,,,3,,,,,,,,,2,,,,,,,,,,,,,,,,,,,,,
Moldova,113,0.01%,,,,,,,,,,,,1,,,,,,,1,,,,,,,,,1,,,,1,2,,,,,,,,,,,,,,,,,,7,,5,1,1,5,12,8,7,6,2,4,8,5,4,4,4,5,6,4,6,3
Mongolia,36,0.00%,,,,,,,,,,,,,,,,,,,,,,,,,,,,,,,,,,,,,,,,,,,,,,,,,,,1,,,,1,1,4,3,,1,4,,2,2,1,5,1,2,3,1,3,1
Montenegro,16,0.00%,,,,,,,,,,,,,,,,,,,,,,,,,,,,,,,,,,,,,,,,,,,,,,,,,,,,,,,,,,3,1,,5,,,3,1,1,,1,,,1,
Montserrat,7,0.00%,,,,,,,,,,,,,,,,,,,,,,,,,,,,,,,,,,,,,,,,,,,,,,,,,,,,,,,,,,,,,,,,,,,,,,1,,6
Morocco,267,0.03%,1,,,,,,,,,,2,,2,,,,,,,2,1,,,1,,,,,,3,1,4,2,3,1,3,2,4,3,5,4,5,6,2,3,2,6,6,6,6,16,8,11,6,10,15,7,9,9,12,4,2,4,8,6,11,4,8,7,12,9,3
Mozambique,217,0.02%,,,,,,,,,,,,,,,,,,,1,1,1,,,,,,,,1,2,,,2,1,,2,1,1,3,1,,,4,4,,2,1,3,1,5,2,2,5,,2,3,3,1,3,5,3,,8,5,3,6,6,3,3,3,4,110
Myanmar,1913,0.21%,,,3,,,,,,,,,,,,,,,5,,,,,,,,,,,,,,,,,,,,,,,,,,,,,,,4,,3,,6,22,23,66,63,35,34,21,10,13,150,206,175,133,147,178,213,234,158,11
Namibia,465,0.05%,,,,,,,,,,,,,,,,,,,,,,,,,,,,,1,1,,,,,,,,,,,,,3,,,1,,1,,2,5,8,24,25,26,32,21,35,24,15,18,9,19,33,20,23,19,26,24,26,19,5
Nauru,183,0.02%,,,,,,,,,,,,,,,,,,,,,,,,,,,,2,1,,2,1,1,2,1,,,,,1,,,,1,1,,1,1,1,2,4,2,1,,4,3,4,3,5,3,9,5,3,5,3,1,7,6,19,8,16,54
Nepal,1227,0.13%,,,,,,,,,,,,,,,,,,,,1,,1,1,,,,1,,,2,1,2,1,1,,,1,,1,,,5,2,5,3,5,3,4,6,17,53,64,56,33,24,22,35,37,30,27,17,19,23,45,74,92,74,80,127,127,98,7
Netherlands Antilles,57,0.01%,,,,,,,1,,,,1,1,2,1,3,,2,1,,1,1,2,2,2,1,1,1,1,1,2,,1,,1,,,,1,2,1,2,1,,,,,,,3,,,1,,,,1,1,,4,,4,,,1,1,,,5,,,,
Netherlands East Indies,99,0.01%,,,2,,,,,,,,,,,,,,,,,,,,,,,,,,,,,,,,,1,2,1,1,5,8,2,1,2,9,9,6,9,7,4,11,10,7,,1,1,,,,,,,,,,,,,,,,
Netherlands New Guinea,3,0.00%,,,,,,,,,,,,,,,,,,,,,1,,,,,,,,,,,,,,,,,,,,,,,,,,,,,,,,,2,,,,,,,,,,,,,,,,,,
New Caledonia,162,0.02%,,,,,,2,,1,1,,1,1,,,,,1,,,,,,,,,,,1,3,8,1,2,1,3,4,6,1,,11,3,4,13,1,3,5,5,3,2,,4,2,4,4,,2,3,,4,3,1,2,3,2,5,,6,5,,4,8,13,
New Guinea,32,0.00%,1,,,,,,,,,1,1,,,,,,,,1,,,,3,3,,,1,2,1,1,,,2,,2,3,2,2,,,,,1,1,,1,1,,,,,,,,,,,,,,,,,,,,1,,,1,,
New Hebrides,46,0.00%,3,,,,,,,,,,,,,,,,,,,1,,,,1,,,,,1,2,1,2,4,3,,3,2,2,3,2,3,1,,,1,1,,,,4,2,1,,1,,1,1,,,,,,,,,,,,,,,
New Zealand,2524,0.27%,1,1,,,,,,,,,,,,,,,,,,,,,,,,,,,,2,,,,,,,,,,1,,,,1,,,2,1,1,2,1,3,3,,,1,,1,6,2,8,13,18,88,142,203,226,320,373,437,406,261
Nicaragua,19,0.00%,,,,,,,,,,,,,,,,,,,,,,,,,,,,,,,,2,,,,,,,,,,,,3,,,,,1,,,,,,,,1,,,5,,1,,1,,1,1,,,1,1,1
Nigeria,818,0.09%,,,,,,,,,,,,,,,,,1,,2,,1,,,,,,2,1,9,8,8,4,4,12,1,2,6,5,6,3,4,7,2,4,5,12,7,7,14,18,33,27,31,24,28,30,31,39,34,30,23,6,28,27,42,33,36,26,46,29,34,26
Niue,1,0.00%,1,,,,,,,,,,,,,,,,,,,,,,,,,,,,,,,,,,,,,,,,,,,,,,,,,,,,,,,,,,,,,,,,,,,,,,,
Norfolk Island,35,0.00%,16,,1,,,,,,,,,,,1,,,,,,,,,,1,,,,,,1,,1,1,2,,1,,1,,1,,,,,,,,,,,,,,,,,,1,2,,1,,,,1,,,2,,1,,
North Borneo,81,0.01%,,,,,,,,,,,,,,,,,1,,,,,,1,,,,,,1,1,1,1,,2,1,1,4,1,4,5,2,6,,3,8,11,,4,,3,9,4,6,1,,,,,,,,,,,,,,,,,,
North Korea,10,0.00%,,,,,,,,,,,,,,,,,,,,,,,,,1,,,,,,,,,,,,,,,,,,,,,,,,,,,,,,,1,2,1,1,,,,2,,1,,,,,,,1
North Macedonia,3,0.00%,,,,,,,,,,,,,,,,,,,,,,,,,,,,,,,,,,,,,,,,,,,,,,,,,,,,,,,,,,,,,,,,,,,,,,,,3
North Vietnam,118,0.01%,,,,,,,,,,,,,,,,,1,1,,,,1,,1,,1,,,,,1,,3,,,,,,,,,,,,1,,10,14,6,3,16,23,31,5,,,,,,,,,,,,,,,,,,
Northern Ireland,5127,0.55%,269,1,1,7,3,1,8,1,13,8,12,4,10,6,2,5,8,2,9,2,10,6,4,11,23,55,73,81,220,196,74,104,129,274,123,140,139,151,174,249,189,146,158,92,110,76,82,89,65,83,94,84,72,37,52,49,48,43,61,49,49,52,58,75,81,62,57,81,81,96,81,67
Northern Mariana Islands,20,0.00%,,,,,,,,,,,,,,,,,,,,,,,,,,,,,,,,,,,,,,,,,,,,,,,,,,1,,1,1,,,1,,1,1,3,1,1,,4,4,1,,,,,,
Northern Rhodesia,357,0.04%,1,,,,,,2,,,,,,,,,4,,3,1,1,,1,2,,,2,,,3,,2,1,6,19,3,8,8,8,7,14,12,8,9,11,13,6,4,16,24,14,21,34,23,10,3,2,5,7,7,8,3,3,3,1,1,2,2,3,2,1,2,1
Norway,266,0.03%,3,6,11,1,2,9,9,5,10,6,6,8,1,3,4,6,9,,4,7,5,,4,5,1,4,,5,,7,2,3,7,2,2,,2,3,,8,2,2,2,3,1,3,3,1,5,7,4,2,3,3,4,4,3,4,2,1,1,,2,2,5,3,4,6,,2,4,8
Nyasaland,35,0.00%,1,,,,,,,,,,,,,,,,,,1,,1,,,,1,,,,,,,1,,3,1,1,1,,1,3,2,,1,3,3,2,,,1,3,1,2,,,1,,,,1,,,,,,,,,,,,,
Oman,231,0.02%,,,,,,,,,,,,,,,,,,,,,,,,,,,,,,,,,,,,,,,,1,1,,3,2,2,2,1,2,,7,10,12,6,4,5,9,16,23,23,20,12,4,8,4,9,5,10,4,3,8,9,6
Ottoman Empire,1,0.00%,,,,,,,,,,,,,,,,,,,,,,,,,,,,,,,,,,,,,,,,,,,,,,,,,,,,1,,,,,,,,,,,,,,,,,,,,
Pakistan,5724,0.62%,9,,2,,1,1,2,1,8,2,3,5,1,2,1,3,,,7,1,3,2,5,5,6,4,12,9,19,20,13,9,14,12,9,5,9,13,7,8,14,19,18,44,62,51,61,72,101,148,347,473,171,168,134,159,261,251,297,169,89,49,46,115,143,156,155,194,199,363,538,424
Palau,3,0.00%,,,,,,,,,,,,,,,,,,,1,,,,,,,,,,,,,,,,,,,,,,,,,,,,,,,,1,,,,,,,,,,,,,,,,,1,,,,
Palestine,150,0.02%,6,1,,,1,2,,,,,,1,1,,,,1,,,2,,1,,,,,,2,2,,1,1,2,1,,2,,,2,1,,1,,,3,2,,6,6,5,12,2,10,12,3,5,1,1,1,1,1,,,,,1,3,3,11,12,13,5
Palestinian Administered Area,53,0.01%,,,,,,,,,,,,,,,,,,,,,,,,,,,,,,,,,,,,,,,,,,,,,,,,,,,,,,,,6,4,7,6,1,1,,1,3,4,2,12,5,1,,,
Panama,41,0.00%,,,,,,,,,,,,,,,,,,,,,,,,,,,,,2,2,,,1,1,,,1,1,1,,,,1,1,,,1,2,2,2,1,3,1,,1,3,,,,1,1,1,1,1,2,,,,1,4,2,
Panama Canal Zone,1,0.00%,,,,,,,,,,,,,,,,,,,,,,,,,,,,,,,,,,,,,,,,,,,,,,,,,,,,,,,,,,,,,1,,,,,,,,,,,
Papua New Guinea,509,0.05%,4,,,,,,,,,,,,,,,,,,,,2,,1,,2,2,1,1,2,9,13,17,8,5,8,11,4,5,10,7,12,15,9,6,10,11,8,5,3,10,4,6,5,13,9,17,13,14,15,9,5,15,12,12,22,17,11,22,24,30,21,12
Paraguay,35,0.00%,4,,,,,,,,,,,,,,,,,,,,,,,,,,,,,,,1,,1,,,,2,,,,,1,,3,1,1,1,,2,,,1,,2,,,1,,,,,,1,,2,,6,1,1,2,1
Persia,9,0.00%,1,,,,,1,,,1,2,,,,2,,1,,,,1,,,,,,,,,,,,,,,,,,,,,,,,,,,,,,,,,,,,,,,,,,,,,,,,,,,,
Peru,751,0.08%,1,,,,,,,,,,1,,,,,,1,,,,,,,,1,1,,2,1,6,4,7,4,,3,5,,,4,3,13,4,5,7,21,37,22,39,28,42,36,30,26,19,13,36,15,28,23,14,7,10,24,27,20,28,23,24,24,22,24,16
Philippines,40523,4.35%,3,,,,,,,,,,,,,,,,,,,3,1,,1,3,3,6,6,7,9,31,23,38,39,71,56,81,108,132,152,217,291,307,304,327,681,635,319,409,327,404,1007,952,841,658,557,706,846,1139,1171,718,697,848,663,2218,2785,2714,2988,3016,3565,3079,2555,1806
Pitcairn Island,61,0.01%,17,,,,,,,,,,,,,,,,,,,,,,,,,1,,,,2,1,,5,1,,1,1,,1,4,3,5,,2,1,,1,,2,,,1,2,1,,,1,,1,1,,2,1,,,2,,,,,1,
Poland,3831,0.41%,19,27,16,24,24,57,49,67,90,79,94,117,89,78,71,33,92,54,63,52,64,32,38,54,47,35,27,47,37,81,45,17,22,26,20,22,121,142,79,77,64,55,45,51,92,90,25,57,49,55,90,59,64,44,35,35,52,44,51,33,30,18,41,28,41,44,42,43,63,59,63,41
Portugal,232,0.02%,,,,,,,,,,6,,4,1,1,2,1,1,,,1,,,,1,1,1,,,,2,3,5,1,3,2,4,1,6,1,1,2,2,1,4,2,2,2,3,6,,6,5,3,2,5,3,10,2,6,5,3,3,8,3,13,10,5,8,10,9,19,21
Portuguese East Africa,2,0.00%,,,,,,,,,,,1,,,,,,,,,,,,,,,,,,,,,,,,,,,,,,,,,,,,,,,,,,,1,,,,,,,,,,,,,,,,,,
Portuguese East Timor,1,0.00%,,,,,,,,,,,,,,,,,,,,,,,,,,,,,,,,,,,,,,,,,,,,,,,,,,1,,,,,,,,,,,,,,,,,,,,,,
Prussia,3,0.00%,,,,,,,,,,,,,,,,,,1,,,1,,,,,,,1,,,,,,,,,,,,,,,,,,,,,,,,,,,,,,,,,,,,,,,,,,,,
Puerto Rico,24,0.00%,,,,,,,,,,,,,,,,,,,,,,,,,,,,,,,,,,1,,,,,,,1,,2,,,,1,,,,2,,2,1,1,,,,,2,1,1,1,,,3,2,2,,,1,
Qatar,110,0.01%,,,,,,,,,,,,,,,,,,,,,,,,,,,,,,,,,,,,,,,,,,1,1,,1,,,2,1,,4,4,8,2,6,15,3,2,4,6,2,1,4,2,2,8,4,4,5,5,5,8
Republic of Azerbaijan,1,0.00%,,,,,,,,,,,,,,,,,,,,,,,,,,,,,,,,,,,,,,,,,,,,,,,,,,,,,,,,,,,,,,,,,,,,,,,1,
Republic of Georgia,1,0.00%,,,,,,,,,,,,,,,,,,,,,,,,,,,,,,,,,,,,,,,,,,,,,,,,,,,,,,,,,,,,,,,,1,,,,,,,,
Republic of Ireland,3344,0.36%,618,,1,,,1,3,7,13,,2,1,1,,1,,2,5,1,4,6,8,9,7,16,32,41,69,100,129,71,59,72,139,81,84,68,82,110,155,141,135,109,72,112,90,57,74,62,75,83,69,60,9,12,20,20,37,28,23,3,1,4,8,8,6,6,8,6,5,2,1
Republic of Korea,658,0.07%,,,,,,,,,,,,,,,,,,,,,,,,,,,,,,,,,,,,,,,,,,,,,,,,,,,,,,,,,,,,,,,,,,,,,61,283,214,100
Republic of Moldova,4,0.00%,,,,,,,,,,,,,,,,,,,,,,,,,,,,,,,,,,,,,,,,,,,,,,,,,,,,,,,,,,,,,,,,,,,,,,,,4
Republic of Maldives,2,0.00%,,,,,,,,,,,,,,,,,,,,,,,,,,,,,,,,,,,,,,,,,,,,,,,,,,,,,,,,,,,,,,,,,,,,,,2,,
Republic of the Congo,13,0.00%,,,,,,,,,,,,,,,,,,,,,,,,,,,,,,,,,,,,,,,,,,,,,,,,,,,,,,,,,,,,,,,4,3,1,2,,1,,,2,
Reunion,4,0.00%,,,,,,,,,,,,,,,,,,,,,,,,,,,,,,,,,,,,,,,,,,,,,,1,1,,,,,,,,,1,,,,,,,,,,,,,1,,,
Rhodesia,717,0.08%,2,,,,,,,,,,,,,,,,,,,,2,8,4,11,13,11,22,21,43,77,54,23,49,,,,,1,,,2,3,2,,1,2,,9,21,38,13,,3,24,15,34,19,25,29,14,9,10,12,9,12,17,10,14,7,10,9,3
Rhodesia and Nyasaland,19,0.00%,,,,,,,,,,,,,,,,,,,,,,,,,,,,,,,,,,,,,,,,,,,,,,,,,,,,,,,,,4,2,4,2,,1,2,1,1,,1,1,,,,
Romania,3467,0.37%,1,,,2,,3,3,25,68,91,63,54,39,25,32,11,26,24,34,29,17,15,16,28,24,13,11,13,11,12,10,11,3,5,3,4,17,20,17,16,22,4,5,14,17,13,15,43,36,54,50,35,36,43,66,139,221,366,234,109,52,37,158,194,123,110,84,95,79,93,83,41
Rurutu,1,0.00%,,,,,,,,,,,,,,,,,,,,,,,,,,,,,,,,,,,1,,,,,,,,,,,,,,,,,,,,,,,,,,,,,,,,,,,,,
Russia,5194,0.56%,3,3,2,,4,4,8,17,10,8,8,13,10,4,2,2,8,3,8,2,4,,2,5,1,,1,1,4,2,1,3,6,5,4,4,,1,2,,,,,,,,4,21,8,41,346,315,154,231,252,307,352,321,268,175,127,97,149,187,241,205,178,205,229,280,240,96
Russian Federation,188,0.02%,,,,,,,,,,,,,,,,,,,,,,,,,,,,,,,,,,,,,,,,,,,,,,,,,,,,,,,,,,,,,,,,,,9,10,29,27,34,36,43
Russian Soviet Federative Socialist Republic,72,0.01%,,,,,,,,,,,,,,,,,,,,,,,,,,,,,,,,,,,,,,,,,,,,,,,,,,,,,,,,,,,,,,,,,,,,,,,,72
Rwanda,110,0.01%,,,,,,,,,,,,,,,,,,,,,,,,,,,,,,,,,,,,,,,,,,,,,,,,,1,,2,2,5,16,2,8,7,,8,3,5,1,3,9,11,9,5,2,1,5,2,3
Rwanda-Burundi,1,0.00%,,,,,,,,,,,,,,,,,,,,,,,,,,,,,,,,,,,,,,,,,,,,,,,,,,,,1,,,,,,,,,,,,,,,,,,,,
Sabah,6,0.00%,,,,,,,,,,,,,,,,,,,,,,,,,,,1,,,2,1,,,,,,,,,,,,1,,,,1,,,,,,,,,,,,,,,,,,,,,,,,,
Samoa,36118,3.88%,1,,,,,,2,,4,,1,1,2,,3,1,,,,,1,,,,1,,,,,,,,,1,,,1,,,1,,2,,,,,,,1,,2,19,49,595,825,924,1029,1214,1237,1287,1398,1776,1924,2824,2777,2517,2654,2959,2871,3113,2770,1331
Sarawak,128,0.01%,1,,,,,,,,,,,,,,,,,,1,,,1,,,1,1,1,,2,,1,,1,4,,6,2,,4,6,4,4,5,2,7,8,13,5,12,7,10,3,12,,,1,,,,,1,,,,1,1,,,,,,
Saudi Arabia,828,0.09%,,,,,,,,,,,,,,,,,,,,,,,,,,,,1,1,,1,1,,,,,,1,1,1,2,,1,6,1,10,6,2,10,15,20,43,42,31,13,18,28,37,32,24,29,16,32,24,35,31,33,31,58,62,94,35
Scotland,25943,2.79%,3430,1,13,19,11,28,31,26,53,37,34,38,32,31,16,12,19,8,27,27,39,49,33,54,84,209,377,406,1103,798,439,418,809,1064,494,533,583,678,733,1143,895,656,498,382,462,313,344,359,321,352,470,391,299,242,241,268,242,287,331,279,261,224,411,421,357,360,276,388,492,517,354,311
Senegal,15,0.00%,,,,,,,,,,,,,,,,,,,,,,,,,,,,,,,,,,1,,,,1,1,,,,,,,,1,1,,,2,1,,,,,,,,1,,,,,2,,2,1,,,1,
Serbia,275,0.03%,,,,,,,,,,,,,,,,,,,,,1,,,,,,,,,,,,,,,,,,,,,,,,,,,,,,,,,,,,,2,16,27,16,11,6,29,20,25,18,10,19,36,28,11
Serbia and Montenegro,62,0.01%,,,,,,,1,3,2,2,,1,1,1,,,,1,1,1,,,,,,,,,,,,,,,,,,,,,,,,,,,,,,,,,,,4,8,15,19,1,,,,1,,,,,,,,,
Seychelles,123,0.01%,3,,,,,,,,,,,,,1,,,,,,,,,,3,2,,,1,6,5,4,1,6,4,1,1,2,,3,1,4,3,2,6,4,,2,2,1,,1,1,,,,3,,3,5,1,3,,2,2,6,3,3,2,3,9,5,3
Sharjah,1,0.00%,,,,,,,,,,,,,,,,,,,,,,,,,,,,,,,,,,,,,,,,,,,,,,,,,,,,1,,,,,,,,,,,,,,,,,,,,
Siam,2,0.00%,1,,,,,,,,,,,,,,,,,,,,,,,,,,,,,,,,,,,,,,,,,,,,,1,,,,,,,,,,,,,,,,,,,,,,,,,,
Sierra Leone,67,0.01%,,,,,,,,,,,,,,,,,,,,,,,,,,,3,1,1,,1,,,,2,,,1,,1,,,2,,,4,1,,,1,3,2,4,9,6,7,,2,6,1,1,2,,1,,2,1,1,1,,,
Singapore,3752,0.40%,16,,,,,,1,,2,1,5,1,,1,,1,4,,6,4,7,6,7,5,24,27,28,34,57,79,39,75,72,69,57,49,45,57,61,58,58,68,59,52,73,61,57,55,65,66,92,117,96,92,84,95,94,124,119,89,82,90,73,143,98,73,111,101,118,150,110,89
Slovakia,238,0.03%,1,,,,,1,1,4,2,3,,3,1,1,1,,1,,,1,,,,,,,,,,,,,,,,,,,,,,,,,,,,,,1,2,2,,1,9,25,16,12,17,5,3,3,8,5,9,14,17,19,12,16,14,8
Slovenia,160,0.02%,,,,,,,1,,2,2,,,3,,,,,,,2,,,,,,,,,,,,,,,,,,,,,,,,,,,,,,6,19,6,7,4,1,3,6,2,13,2,2,1,3,5,3,6,8,8,4,20,11,10
Society Islands,5,0.00%,,,,1,,,,,,,,,,,,,,,1,,,,,,,,,1,,,,,1,,,,,,,,1,,,,,,,,,,,,,,,,,,,,,,,,,,,,,,,
Solomon Islands,262,0.03%,2,,,,,,,,,,,,,2,,2,,1,1,1,,2,1,1,2,,2,1,3,6,5,3,2,4,,3,4,4,2,4,4,1,1,1,6,5,2,2,1,3,2,4,4,8,5,6,2,9,8,5,5,4,6,8,7,21,10,19,8,14,16,7
Somalia,3761,0.40%,,,,,,,,,,,,,,,,,,,,,,,,,,,,,2,,,,,,,1,,,,1,,,2,5,16,26,3,33,108,191,278,259,316,412,264,294,190,245,171,186,133,57,35,54,62,76,61,32,75,49,74,50
South Africa,62732,6.74%,140,,,6,3,1,5,11,8,12,5,20,129,69,133,243,137,27,30,38,30,48,36,65,91,69,56,75,172,341,190,196,160,186,108,133,120,166,198,200,225,351,293,234,280,334,203,363,938,1182,1652,2011,2040,1977,1997,2411,2446,2812,3124,2413,1808,1339,2105,2784,3268,3689,3532,3636,2894,2691,2463,1580
South Korea,517,0.06%,,,,,,,,,,,,,,,,,,,,,,,,,2,,,1,1,1,2,,1,,1,1,,3,,1,2,1,2,,,,,,,,106,28,17,16,48,14,,,,,,,,41,48,40,28,31,41,18,20,2
South Sudan,24,0.00%,,,,,,,,,,,,,,,,,,,,,,,,,,,,,,,,,,,,,,,,,,,,,,,,,,,,,,,,,,,,,,,,5,1,2,5,3,2,1,1,4
South Vietnam,314,0.03%,,,,,,,,,,,,,,,,,,,1,,1,1,,1,,1,,1,1,,,,12,,2,,,,,,1,1,1,,,,43,19,11,12,51,68,66,9,1,3,,1,,,2,,,,,1,1,1,,1,,
South West Africa,90,0.01%,,,,,,,,,,,,,1,,1,5,,,5,,,2,,,1,,,1,,1,,1,2,,,,1,1,1,,,2,3,1,1,,2,,1,2,4,9,10,2,1,,,2,5,3,1,2,,3,3,2,2,3,2,,1,
Southern Rhodesia,1328,0.14%,1,,,,,,,1,,1,1,2,,,3,3,9,2,,8,,2,,,1,,2,,7,2,3,4,8,43,32,31,20,15,55,49,31,53,42,29,47,31,26,25,44,43,84,97,134,27,12,20,46,42,42,27,25,16,13,16,12,12,7,10,3,3,3,1
Spain,504,0.05%,1,,,,1,,1,1,,,,2,1,1,,,,1,,2,2,,,3,1,,1,3,13,10,12,5,5,7,5,10,,3,5,4,4,2,3,3,3,4,3,4,3,5,3,13,10,4,4,3,3,10,13,4,6,3,14,10,15,13,26,20,39,58,50,49
Sri Lanka,9909,1.06%,,,,,,,,,,,,,,,,,1,1,2,,,,,1,9,15,39,25,48,130,49,60,37,23,7,9,2,12,5,6,35,41,45,37,76,57,53,63,71,136,320,295,340,542,472,513,439,436,482,392,296,235,158,201,264,328,439,519,679,637,544,283
St Helena,15,0.00%,,,,,,,,,,,,,,,,,,,,,1,,,,1,,,,3,,,,,,,1,,,,,,,,,,,,,,,,,,,,,,,,,,,,3,,2,1,1,1,1,,
St Kitts and Nevis,7,0.00%,,,,,,,,,,,,,,,,,,,,,,,,,,,,,,,2,,,,,,,,,,,,,,,,,,1,,,,,,1,,,2,,,,,,,,,,,,1,,
St Lucia,16,0.00%,1,,,,,,,,,,,,,,,,,,,,,,,,,,,,2,,,,,4,,,,,,,,,,,,,,,,,,,,,,1,,,1,,,,,1,,,,1,3,1,1,
St Maarten,2,0.00%,,,,,,,,,,,,,,,,,,,,,,,,,,,,,,,,,,,,,,,,,,,,,,,,,,,,,,,,,,,,,,,,,,,,2,,,,
St Vincent,18,0.00%,,,,,,,,,,,,,,,,,,,,1,1,,,,,,2,,2,,,2,1,4,,,,,,2,,1,,,,,,,,,,1,,,,,,,,,,,,,,,,1,,,,
St Vincent and the Grenadines,8,0.00%,,,,,,,,,,,,,,,,,,,,,,,,,,,,,,,,,,,,,,,,,,,,,,,,,,,,,,,,,,,1,,,,,,3,1,,1,,2,,
Sudan,860,0.09%,2,,,,,,,,,,,,,1,,,,,,,,,,,,,1,1,2,2,,1,1,1,,,1,,,1,,1,,,1,2,3,2,,5,17,23,28,55,68,45,33,38,77,54,50,31,32,40,68,37,32,21,20,36,13,14
Suriname,17,0.00%,,,,,,,,,,,1,1,,,,,1,,,,,,,,,1,,,,1,,,,,,,1,,,1,,,,,,,,,1,,,1,,1,,,1,,,,,,1,,2,1,,1,,,,1
Swains Island,1,0.00%,,,,,,,,,,,,,,,,,,,,,,,,,,,,,,,,,,,,,,,,,,,,,,,,1,,,,,,,,,,,,,,,,,,,,,,,,
Swaziland,82,0.01%,,,,,,,,,,,,,,,,,,,,,,,,,1,,,,,1,1,3,3,1,1,,,1,1,,1,3,,,,1,,,1,4,3,2,5,3,3,7,1,1,3,4,1,1,1,3,2,3,5,2,2,3,2,2
Sweden,1025,0.11%,6,3,6,1,2,1,1,3,,6,5,2,4,,3,1,1,1,2,,2,1,,4,2,1,2,3,3,9,8,8,10,6,3,3,1,3,10,5,2,7,8,4,10,10,9,3,4,6,5,8,25,28,34,19,15,36,32,30,23,47,50,58,61,69,48,57,61,53,42,29
Switzerland,3317,0.36%,8,9,9,7,5,6,8,9,8,16,10,19,14,8,24,17,21,26,31,16,43,23,22,46,30,48,43,30,72,139,154,71,88,58,60,70,60,66,94,55,56,88,57,57,71,69,72,66,59,93,86,77,69,47,61,52,60,51,50,34,25,28,36,49,46,38,41,51,52,63,44,26
Syria,754,0.08%,,,,,,,1,,,,,,,,,,1,,2,,,,,,,1,1,1,1,1,1,1,2,,2,,2,1,2,2,3,3,1,4,7,2,2,2,11,23,58,35,78,26,15,35,45,33,28,18,13,7,20,10,18,10,17,13,27,44,78,46
Syrian Arab Republic,93,0.01%,,,,,,,,,,,,,,,,,,,,,,,,,,,,,,,,,,,,,,,,,,,,,,,,,,,,,,,,,,,,,,,,,,,,,,,,93
Tahiti,156,0.02%,3,2,,1,,1,4,,,,,8,1,,1,,,2,1,,3,,2,,3,2,2,,2,6,3,2,8,11,1,4,2,3,4,9,4,3,,1,,2,,,1,1,1,,2,4,3,1,1,2,,1,5,2,2,2,3,5,2,10,4,,3,
Taiwan,20053,2.15%,,,,,,,,,,,,,,,,,1,,1,5,,,1,5,9,3,10,,10,10,4,11,7,7,11,12,16,22,16,17,26,18,41,560,1788,1250,682,1093,1008,1365,3207,1970,1624,1070,546,355,419,432,367,331,243,203,107,117,135,139,120,145,142,163,130,79
Tajikistan,27,0.00%,,,,,,,,,,,,,,,,,,,,,,,,,,,,,,,,,,,,,,,,,,,,,,,,,,,,1,,,,1,4,,5,,2,,1,1,,3,,3,1,1,2,2
Tanganyika,121,0.01%,,,,,,,,1,,,,1,,,,,,,,1,3,,,,,2,,,7,2,1,2,2,6,5,4,6,2,2,9,3,4,6,3,5,8,3,2,2,4,2,11,5,1,,1,,1,,2,,,1,,,,,,,1,,
Tanganyika and Zanzibar,10,0.00%,,,,,,,,,,,,,,,,,,,,,,,,,,,,,,,,,,,,,,,,,,,,,,,,,1,,,,,,,,,,,,,,,,,,,,,9,,
Tanzania,351,0.04%,1,,,,,,,,,,,,,,,,,,,,2,4,,2,3,1,3,8,15,12,11,9,7,6,1,2,,1,3,2,2,2,4,3,4,6,1,1,3,5,10,4,4,14,12,12,11,14,15,6,9,13,9,7,10,18,23,11,10,,12,3
Thailand,7476,0.80%,1,,,,,,,,,,1,,1,,1,,1,1,1,,1,1,2,2,3,7,3,6,7,22,6,9,18,18,21,22,42,39,59,50,93,121,124,104,132,182,178,119,137,144,272,271,218,250,237,280,290,253,210,166,165,131,222,255,288,292,287,318,402,452,292,246
The Gambia,14,0.00%,,,,,,,,,,,,,,,,,,,,,,,,,,,,,1,2,,,,,,,,,,,,,,,,,,,,1,,,,1,1,,1,,,,,,1,3,,1,2,,,,,
The Netherlands,15220,1.64%,5,2,13,14,21,29,75,178,440,546,745,731,472,441,534,272,402,339,372,506,499,273,300,403,276,237,270,303,345,408,212,187,194,191,102,167,151,172,164,203,203,152,103,63,80,91,71,109,78,126,111,123,96,74,88,116,105,142,146,143,135,126,143,220,114,116,112,220,218,204,123,75
Tibet,23,0.00%,,,,,,,,,,,,,,,,,1,,,,1,1,,,,,,,,,,,,,,,,,1,,2,1,,,1,3,,,,,,,1,1,,1,1,1,,1,,,1,,,1,2,,1,1,,
Togo,14,0.00%,,,,,,,,,,,,,,,,,,,,,,,,,,,,,,,,,,,,,,,,,,,,,,,,,2,,1,2,1,,1,,,,1,2,,,,,,,,1,,2,1,
Tonga,13215,1.42%,43,3,3,1,1,10,3,6,1,3,5,8,3,18,27,10,16,20,18,22,17,8,20,47,25,31,28,57,55,133,123,119,97,135,88,118,87,124,121,154,165,174,215,244,330,273,198,252,198,298,377,367,409,271,208,199,170,193,260,279,315,378,337,460,522,500,506,764,684,848,701,312
Transjordan,1,0.00%,,,,,,,,,,,,,,,,,,,,,,,,,,,,,,,,,,,,,,,,,,,,,,,,,,,,1,,,,,,,,,,,,,,,,,,,,
Transkei,1,0.00%,,,,,,,,,,,,,,,,,,,,,,,,,,,,,,,,,,,,,,,,,,,,,,,,,,,,,,,,,,,,,,,,,,,,1,,,,
Trinidad and Tobago,228,0.02%,4,,,,,,,,1,1,3,1,,,,2,,,1,2,2,1,2,2,1,3,3,3,8,14,6,5,3,7,4,10,7,1,2,15,6,5,7,2,2,5,2,6,1,1,3,3,2,1,3,5,3,6,1,5,5,2,4,4,3,1,2,3,6,1,4,10
Trucial States,1,0.00%,,,,,,,,,,,,,,,,,,,,,,,,,,,,,,,,,,,,,,,,,,,,,1,,,,,,,,,,,,,,,,,,,,,,,,,,,
Tunisia,89,0.01%,,,,,1,,,1,,,1,,,,,,,,,,,,,,,,,,1,,3,,,,1,,,1,2,,3,,3,2,,3,1,3,2,6,3,3,8,6,6,5,4,3,1,1,,1,,2,3,1,1,,,4,2,1
Turkey,1108,0.12%,2,,,2,2,1,3,10,18,20,18,8,5,5,6,1,6,5,5,9,1,3,8,10,7,7,4,5,2,15,10,5,5,8,3,6,3,4,7,7,4,8,5,11,16,14,13,12,17,28,29,40,35,26,23,38,30,40,33,28,9,6,19,33,40,28,44,41,49,50,66,27
Turkmenistan,7,0.00%,,,,,,,,,,,,,,,,,,,,,,,,,,,,,,,,,,,,,,,,,,,,,,,,,,,1,,,1,,1,,,,1,,,,3,,,,,,,,
Turks and Caicos,1,0.00%,,,,,,,,,,,,,,,,,,,,,,,,,,1,,,,,,,,,,,,,,,,,,,,,,,,,,,,,,,,,,,,,,,,,,,,,,
Tuvalu,501,0.05%,1,,,,,,,,,,,,,1,,,,,,,,,,,,,,,,4,,3,,3,2,2,1,1,1,3,4,,2,5,2,3,1,,5,5,5,4,14,7,9,7,14,9,10,15,15,22,18,14,32,13,20,31,47,61,57,28
U.S.A.,10573,1.14%,29,3,1,6,6,7,3,2,6,6,,5,6,3,7,11,5,7,13,5,24,16,21,30,31,19,41,42,71,125,108,88,100,82,89,82,75,99,107,87,123,141,207,161,259,268,290,342,282,285,425,366,288,340,354,336,270,352,396,362,288,285,401,487,331,258,213,287,312,246,150,
Uganda,469,0.05%,,,,,,,,,,1,,,,,,,,1,,,2,1,1,,,1,7,10,35,62,29,5,15,12,8,6,14,8,6,5,5,8,14,7,6,5,5,1,4,3,3,5,4,5,3,3,7,6,7,9,6,10,12,5,23,19,9,4,10,11,10,11
Ukraine,1651,0.18%,,,,,,4,6,6,19,11,8,7,3,4,3,3,7,1,3,1,1,4,,2,2,,1,,,2,2,1,5,,,,,,,,,,,,,,,5,,17,136,135,91,59,69,78,111,105,64,39,35,24,33,45,55,55,63,64,91,76,51,44
United Arab Emirates,1136,0.12%,,,,,,,,,,,,,,,,,,,,,,,,,,,,,,,1,,,1,,,,2,1,2,1,,6,1,3,9,,3,7,32,54,49,90,55,36,50,49,66,57,97,38,27,33,23,22,36,47,27,42,64,54,51
United Arab Republic,31,0.00%,,,,,,,,,,,,,,,,,,,4,2,,5,5,11,4,,,,,,,,,,,,,,,,,,,,,,,,,,,,,,,,,,,,,,,,,,,,,,,
United Kingdom,7419,0.80%,,,,,,,,,,,,,,,,,,,,,,,,,,,,,,,,,,,,,,,,,,,,,,,,,,,,,,,,,,,,,,,32,1049,906,882,847,1099,1191,779,364,270
United States of America,2896,0.31%,,,,,,,,,,,,,,,,,,,,,,,,,,,,,,,,,,,,,,,,,,,,,,,,,,,,,,,,,,,,,,,,24,177,259,252,292,423,510,470,489
Unknown Country,4,0.00%,,,1,,1,,,1,,,,1,,,,,,,,,,,,,,,,,,,,,,,,,,,,,,,,,,,,,,,,,,,,,,,,,,,,,,,,,,,,
Upper Volta,1,0.00%,,,,,,,,,,,,,,,,,,,,,,,,,,,,,,,,,,,,,,,,1,,,,,,,,,,,,,,,,,,,,,,,,,,,,,,,,
Uruguay,299,0.03%,1,,,,,,,,,,,,,1,,1,,,,,,,,,,1,,,,,2,,2,1,,,,,,,1,,1,,5,,1,,1,2,,1,2,1,2,2,1,6,3,5,1,6,24,24,24,24,42,16,36,26,19,14
USSR,2772,0.30%,2,1,,,1,8,7,20,31,40,19,18,2,13,7,1,5,7,3,7,8,2,2,11,8,6,7,6,6,79,61,28,37,36,62,24,14,4,22,4,34,8,8,5,14,70,72,56,154,267,274,181,204,40,32,40,45,33,38,29,12,15,26,44,53,37,50,66,63,98,66,19
Uzbekistan,206,0.02%,,,,,,,,,,1,,,,,,,,,,,,,,,,,,,,,1,,,,,,,,,,,,,,,,,,,,4,8,12,4,4,10,11,12,20,4,9,8,11,7,8,10,9,17,11,4,8,13
Vanuatu,85,0.01%,,,,,,,,,,,,,,,,,,,,,,,,,,,,,,,,,,2,,,,,1,,,,,,4,1,,2,,,,,,2,3,1,,,4,3,4,5,6,10,4,1,2,7,5,6,5,7
Venezuela,226,0.02%,,,,,,,,,,,,,,,,4,,,,,,,,,,,1,,1,,1,1,2,4,,2,,,1,1,11,,4,1,,,3,4,2,1,4,4,10,3,3,2,6,6,12,4,2,3,4,6,7,12,12,15,16,20,16,15
Vietnam,9476,1.02%,,,,,,,,,,,,,,,,,1,1,,2,1,1,1,1,2,,4,7,20,79,71,30,283,182,667,566,465,309,199,215,231,229,180,138,324,484,257,175,124,157,181,82,86,213,214,164,229,215,218,154,143,101,94,138,172,200,202,214,311,304,246,189
Virgin Islands of the U.S.,3,0.00%,,,,,,,,,,,,,,,,,,,,,,,,,,,,,,,,,,,,,,,,1,,,,,,,1,,,,,,,,,,,,,,,,,,,,,,,,,1
Wales,6757,0.73%,403,,4,2,4,7,8,11,17,12,4,14,7,3,1,3,3,8,5,11,12,10,5,11,22,70,81,100,287,217,117,108,214,230,126,132,155,144,203,260,222,173,121,117,119,95,92,98,98,70,141,116,114,78,85,71,83,105,121,120,90,83,158,144,120,109,105,114,158,163,152,91
Wallis and Futuna Islands,11,0.00%,,,,,,,,,,,,,,,,,,,1,,,,,,1,,,,,2,,,,1,,,,,1,,,,,,2,,,,,,,,,,,,,,,,,,,,1,,,,1,,1,
West Germany,479,0.05%,,,,,,,,1,,,,,,,3,1,1,1,1,,4,4,2,1,1,5,4,7,12,17,10,14,8,19,10,1,5,2,,,1,4,3,,6,1,24,32,36,28,76,64,35,3,1,4,5,,,,1,1,4,2,3,3,,1,3,2,2,
Western Samoa,45347,4.87%,51,3,3,2,5,4,6,5,5,3,14,27,40,31,40,50,67,61,117,87,155,97,86,184,153,129,117,138,151,551,313,259,316,813,4155,3609,1868,2083,2479,2686,2131,2145,1871,1751,1903,879,1212,1432,1501,1673,1657,1689,1551,726,371,146,132,164,210,147,153,132,110,132,157,73,68,70,83,72,43,
Yemen,136,0.01%,2,,,,,,,,,,,,,,,,,,,,,,,,,,,,,2,3,2,,,,,,,,1,,,,,,,,2,,3,17,11,11,2,9,3,6,3,1,2,6,6,,2,1,11,6,1,1,6,10,6
Yugoslavia,6441,0.69%,39,27,21,20,23,24,20,24,51,54,46,72,29,33,37,22,38,43,55,33,93,49,76,112,130,90,58,104,89,183,123,71,61,42,30,21,30,29,33,51,51,45,29,33,51,92,71,177,503,847,804,427,196,188,293,136,76,91,45,16,18,16,4,18,5,3,10,2,4,1,1,2
Zaire,25,0.00%,1,,,,,,,,,,,,,,,,,,,,,,,,,,,,1,1,,1,,,,1,,,,,,1,,1,,,,1,3,2,,2,3,3,,,,,,,1,,,,1,,,,1,1,,
Zambia,1449,0.16%,,,,,,,,,,,,,,,4,4,,1,3,5,3,2,,13,9,7,4,22,16,24,9,12,22,18,16,6,11,8,9,10,7,16,20,14,10,12,13,9,12,21,47,24,25,25,26,53,68,82,88,60,49,34,51,53,77,41,57,56,49,38,48,26
Zanzibar,3,0.00%,,,,,,,,,,,,,,,,,,,,,,,,,1,,,,,,,,,,,,,,,,,,,,,1,1,,,,,,,,,,,,,,,,,,,,,,,,,
Zimbabwe,8400,0.90%,,,,,,,,,,,,,,,,,,,,2,,,,,,,,,,,,1,2,18,8,1,2,4,2,9,6,8,6,10,8,8,6,9,9,15,14,21,29,102,98,395,539,776,864,626,343,249,619,687,601,546,453,444,333,234,177,116
TOTAL,930666,100.00%,18629,230,369,388,390,631,798,1129,1811,1920,1995,2321,1795,1654,1962,1464,1795,1370,1858,1856,2226,1579,1532,2491,2958,3817,5109,5678,13303,13114,7737,7099,9816,12970,11982,11637,10225,11204,12462,15707,13907,13067,11763,11791,18474,16522,13166,14609,15774,20221,34534,29685,23705,19622,18453,22255,24496,29351,29960,23626,18010,15178,19287,27221,27895,27891,27585,31956,36450,35737,31030,20434
